 ,ImageID,Genotype,FlyNum,Temperature,Stage,StageComment,Nucleus,NucleusComment,PosteriorGap,LateralGap,GapMarker,GapComment,BazookaExclusion,BazookaComment,Par1atPosterior,Par1Comment,AnalystName,AnalysisDate,Camera,Objective,TimeInterval,Timepoints,PixelSize,VoxelSize,Wavelength_Ch1,LP_Ch1,Exposure(s)_Ch1,EMGain_Ch1,Wavelength_Ch2,LP_Ch2,Exposure(s)_Ch2,EMGain_Ch2,Wavelength_Ch3,LP_Ch3,Exposure(s)_Ch3,EMGain_Ch3
1,20200929_3 positions DIC11_Oocyte1,w; sqh>UTR::GFP/+; GR1>GAL4/+,4,25,10B,,OK,,Yes,Yes,UTR,,NA,,NA,,Ana Milas,20201015,ZYLA,40X WI,120 sec,1,0.163,0.5,488,30,0.3,300,0,0,0.1,300,0,0,0,0
2,20200929_3 positions DIC11_Oocyte2,w; sqh>UTR::GFP/+; GR1>GAL4/+,4,25,9,,OK,,No,Yes,UTR,,NA,,NA,,Ana Milas,20201015,ZYLA,40X WI,120 sec,1,0.163,0.5,488,30,0.3,300,0,0,0.1,300,0,0,0,0
3,20200929_3 positions DIC11_Oocyte3,w; sqh>UTR::GFP/+; GR1>GAL4/+,4,25,9,,OK,,No,No,UTR,,NA,,NA,,Ana Milas,20201015,ZYLA,40X WI,120 sec,1,0.163,0.5,488,30,0.3,300,0,0,0.1,300,0,0,0,0
4,20200929_3 positions DIC1_Oocyte1,w; sqh>UTR::GFP/+; GR1>GAL4/+,1,25,10B,,OK,,Yes,Yes,UTR,,NA,,NA,,Ana Milas,20201015,ZYLA,40X WI,120 sec,1,0.163,0.5,488,30,0.3,300,0,0,0.1,300,0,0,0,0
5,20200929_3 positions DIC1_Oocyte2,w; sqh>UTR::GFP/+; GR1>GAL4/+,1,25,10A,,OK,,Yes,Yes,UTR,,NA,,NA,,Ana Milas,20201015,ZYLA,40X WI,120 sec,1,0.163,0.5,488,30,0.3,300,0,0,0.1,300,0,0,0,0
6,20200929_3 positions DIC1_Oocyte3,w; sqh>UTR::GFP/+; GR1>GAL4/+,1,25,9,,OK,,No,Yes,UTR,,NA,,NA,,Ana Milas,20201015,ZYLA,40X WI,120 sec,1,0.163,0.5,488,30,0.3,300,0,0,0.1,300,0,0,0,0
7,20200929_3 positions DIC2_Oocyte1,w; sqh>UTR::GFP/+; GR1>GAL4/+,1,25,10B,,OK,,Yes,Yes,UTR,,NA,,NA,,Ana Milas,20201015,ZYLA,40X WI,120 sec,1,0.163,0.5,488,30,0.3,300,0,0,0.1,300,0,0,0,0
8,20200929_3 positions DIC2_Oocyte2,w; sqh>UTR::GFP/+; GR1>GAL4/+,1,25,9,,OK,,No,Yes,UTR,,NA,,NA,,Ana Milas,20201015,ZYLA,40X WI,120 sec,1,0.163,0.5,488,30,0.3,300,0,0,0.1,300,0,0,0,0
9,20200929_3 positions DIC2_Oocyte3,w; sqh>UTR::GFP/+; GR1>GAL4/+,1,25,10B,,not visible,,Yes,Yes,UTR,,NA,,NA,,Ana Milas,20201015,ZYLA,40X WI,120 sec,1,0.163,0.5,488,30,0.3,300,0,0,0.1,300,0,0,0,0
10,20200929_3 positions DIC5_Oocyte1,w; sqh>UTR::GFP/+; GR1>GAL4/+,2,25,10A,,not visible,,Yes,Yes,UTR,,NA,,NA,,Ana Milas,20201019,ZYLA,40X WI,120 sec,1,0.163,0.5,488,30,0.3,300,0,0,0.1,300,0,0,0,0
11,20200929_3 positions DIC5_Oocyte2,w; sqh>UTR::GFP/+; GR1>GAL4/+,2,25,10A,,OK,,No,Yes,UTR,,NA,,NA,,Ana Milas,20201019,ZYLA,40X WI,120 sec,1,0.163,0.5,488,30,0.3,300,0,0,0.1,300,0,0,0,0
12,20200929_3 positions DIC5_Oocyte3,w; sqh>UTR::GFP/+; GR1>GAL4/+,2,25,10A,,OK,,No,Yes,UTR,,NA,,NA,,Ana Milas,20201019,ZYLA,40X WI,120 sec,1,0.163,0.5,488,30,0.3,300,0,0,0.1,300,0,0,0,0
13,20200929_3 positions DIC7_Oocyte1,w; sqh>UTR::GFP/+; GR1>GAL4/+,3,25,10B,,OK,,Yes,Yes,UTR,,NA,,NA,,Ana Milas,20201019,ZYLA,40X WI,120 sec,1,0.163,0.5,488,30,0.3,300,0,0,0.1,300,0,0,0,0
14,20200929_3 positions DIC7_Oocyte2,w; sqh>UTR::GFP/+; GR1>GAL4/+,3,25,10A,,OK,,No,Yes,UTR,,NA,,NA,,Ana Milas,20201019,ZYLA,40X WI,120 sec,1,0.163,0.5,488,30,0.3,300,0,0,0.1,300,0,0,0,0
15,20200929_3 positions DIC7_Oocyte3,w; sqh>UTR::GFP/+; GR1>GAL4/+,3,25,10A,,OK,,No,Yes,UTR,,NA,,NA,,Ana Milas,20201019,ZYLA,40X WI,120 sec,1,0.163,0.5,488,30,0.3,300,0,0,0.1,300,0,0,0,0
16,20200929_3 positions DIC9_Oocyte1,w; sqh>UTR::GFP/+; GR1>GAL4/+,4,25,10A,,OK,,No,Yes,UTR,,NA,,NA,,Ana Milas,20201019,ZYLA,40X WI,120 sec,1,0.163,0.5,488,30,0.3,300,0,0,0.1,300,0,0,0,0
17,20200929_3 positions DIC9_Oocyte2,w; sqh>UTR::GFP/+; GR1>GAL4/+,4,25,10A,,OK,,No,Yes,UTR,,NA,,NA,,Ana Milas,20201019,ZYLA,40X WI,120 sec,1,0.163,0.5,488,30,0.3,300,0,0,0.1,300,0,0,0,0
18,20200929_3 positions DIC9_Oocyte3,w; sqh>UTR::GFP/+; GR1>GAL4/+,4,25,9,,OK,,No,Yes,UTR,,NA,,NA,,Ana Milas,20201019,ZYLA,40X WI,120 sec,1,0.163,0.5,488,30,0.3,300,0,0,0.1,300,0,0,0,0
19,20200929_3 positions DIC13_Oocyte1,w; sqh>UTR::GFP/+ ; GR1>GAL4/UAS>hop-RNAi,1,25,10A,,OK,,Yes,Yes,UTR,,NA,,NA,,Ana Milas,20201019,ZYLA,40X WI,120 sec,1,0.163,0.5,488,30,0.3,300,0,0,0.1,300,0,0,0,0
20,20200929_3 positions DIC13_Oocyte2,w; sqh>UTR::GFP/+ ; GR1>GAL4/UAS>hop-RNAi,1,25,10B,,OK,,Yes,Yes,UTR,,NA,,NA,,Ana Milas,20201019,ZYLA,40X WI,120 sec,1,0.163,0.5,488,30,0.3,300,0,0,0.1,300,0,0,0,0
21,20200929_3 positions DIC13_Oocyte3,w; sqh>UTR::GFP/+ ; GR1>GAL4/UAS>hop-RNAi,1,25,10B,,not visible,,Yes,Yes,UTR,,NA,,NA,,Ana Milas,20201019,ZYLA,40X WI,120 sec,1,0.163,0.5,488,30,0.3,300,0,0,0.1,300,0,0,0,0
22,20200929_3 positions DIC15_Oocyte1,w; sqh>UTR::GFP/+ ; GR1>GAL4/UAS>hop-RNAi,2,25,10A,,OK,,Yes,Yes,UTR,,NA,,NA,,Ana Milas,20201019,ZYLA,40X WI,120 sec,1,0.163,0.5,488,30,0.3,300,0,0,0.1,300,0,0,0,0
23,20200929_3 positions DIC15_Oocyte2,w; sqh>UTR::GFP/+ ; GR1>GAL4/UAS>hop-RNAi,2,25,9,,not visible,,Yes,Yes,UTR,,NA,,NA,,Ana Milas,20201019,ZYLA,40X WI,120 sec,1,0.163,0.5,488,30,0.3,300,0,0,0.1,300,0,0,0,0
24,20200929_3 positions DIC15_Oocyte3,w; sqh>UTR::GFP/+ ; GR1>GAL4/UAS>hop-RNAi,2,25,10A,,OK,,Yes,Yes,UTR,,NA,,NA,,Ana Milas,20201019,ZYLA,40X WI,120 sec,1,0.163,0.5,488,30,0.3,300,0,0,0.1,300,0,0,0,0
25,20200929_3 positions DIC17_Oocyte1,w; sqh>UTR::GFP/+ ; GR1>GAL4/UAS>hop-RNAi,2,25,10A,,OK,,Yes,Yes,UTR,,NA,,NA,,Ana Milas,20201019,ZYLA,40X WI,120 sec,1,0.163,0.5,488,30,0.3,300,0,0,0.1,300,0,0,0,0
26,20200929_3 positions DIC17_Oocyte2,w; sqh>UTR::GFP/+ ; GR1>GAL4/UAS>hop-RNAi,2,25,9,,OK,,Yes,Yes,UTR,,NA,,NA,,Ana Milas,20201019,ZYLA,40X WI,120 sec,1,0.163,0.5,488,30,0.3,300,0,0,0.1,300,0,0,0,0
27,20200929_3 positions DIC17_Oocyte3,w; sqh>UTR::GFP/+ ; GR1>GAL4/UAS>hop-RNAi,2,25,10A,,not visible,,Yes,Yes,UTR,,NA,,NA,,Ana Milas,20201019,ZYLA,40X WI,120 sec,1,0.163,0.5,488,30,0.3,300,0,0,0.1,300,0,0,0,0
28,20200929_3 positions DIC19_Oocyte1,w; sqh>UTR::GFP/+ ; GR1>GAL4/UAS>hop-RNAi,2,25,9,,not visible,,Yes,Yes,UTR,,NA,,NA,,Ana Milas,20201019,ZYLA,40X WI,120 sec,1,0.163,0.5,488,30,0.3,300,0,0,0.1,300,0,0,0,0
29,20200929_3 positions DIC19_Oocyte2,w; sqh>UTR::GFP/+ ; GR1>GAL4/UAS>hop-RNAi,2,25,10A,,not visible,,Yes,Yes,UTR,,NA,,NA,,Ana Milas,20201019,ZYLA,40X WI,120 sec,1,0.163,0.5,488,30,0.3,300,0,0,0.1,300,0,0,0,0
30,20200929_3 positions DIC19_Oocyte3,w; sqh>UTR::GFP/+ ; GR1>GAL4/UAS>hop-RNAi,2,25,10A,,OK,,Yes,Yes,UTR,,NA,,NA,,Ana Milas,20201019,ZYLA,40X WI,120 sec,1,0.163,0.5,488,30,0.3,300,0,0,0.1,300,0,0,0,0
31,20200929_3 positions DIC21_Oocyte1,w; sqh>UTR::GFP/+ ; GR1>GAL4/UAS>hop-RNAi,3,25,10A,,OK,,Yes,Yes,UTR,,NA,,NA,,Ana Milas,20201019,ZYLA,40X WI,120 sec,1,0.163,0.5,488,30,0.3,300,0,0,0.1,300,0,0,0,0
32,20200929_3 positions DIC21_Oocyte2,w; sqh>UTR::GFP/+ ; GR1>GAL4/UAS>hop-RNAi,3,25,10A,,OK,,Yes,Yes,UTR,,NA,,NA,,Ana Milas,20201019,ZYLA,40X WI,120 sec,1,0.163,0.5,488,30,0.3,300,0,0,0.1,300,0,0,0,0
33,20200929_3 positions DIC21_Oocyte3,w; sqh>UTR::GFP/+ ; GR1>GAL4/UAS>hop-RNAi,3,25,10A,,OK,,Yes,Yes,UTR,,NA,,NA,,Ana Milas,20201019,ZYLA,40X WI,120 sec,1,0.163,0.5,488,30,0.3,300,0,0,0.1,300,0,0,0,0
34,20200929_3 positions DIC23_Oocyte1,w; sqh>UTR::GFP/+ ; GR1>GAL4/UAS>hop-RNAi,4,25,10A,,OK,,Yes,Yes,UTR,,NA,,NA,,Ana Milas,20201019,ZYLA,40X WI,120 sec,1,0.163,0.5,488,30,0.3,300,0,0,0.1,300,0,0,0,0
35,20200929_3 positions DIC23_Oocyte2,w; sqh>UTR::GFP/+ ; GR1>GAL4/UAS>hop-RNAi,4,25,9,,not visible,,Yes,Yes,UTR,,NA,,NA,,Ana Milas,20201019,ZYLA,40X WI,120 sec,1,0.163,0.5,488,30,0.3,300,0,0,0.1,300,0,0,0,0
36,20200929_3 positions DIC23_Oocyte3,w; sqh>UTR::GFP/+ ; GR1>GAL4/UAS>hop-RNAi,4,25,10A,,not visible,,Yes,Yes,UTR,,NA,,NA,,Ana Milas,20201019,ZYLA,40X WI,120 sec,1,0.163,0.5,488,30,0.3,300,0,0,0.1,300,0,0,0,0
37,20200929_3 positions DIC25_Oocyte2,w; sqh>UTR::GFP/+ ; GR1>GAL4/UAS>hop-RNAi,4,25,9,,not visible,,Yes,Yes,UTR,,NA,,NA,,Ana Milas,20201019,ZYLA,40X WI,120 sec,1,0.163,0.5,488,30,0.3,300,0,0,0.1,300,0,0,0,0
38,20200929_3 positions DIC25_Oocyte3,w; sqh>UTR::GFP/+ ; GR1>GAL4/UAS>hop-RNAi,4,25,10B,,OK,,Yes,Yes,UTR,,NA,,NA,,Ana Milas,20201019,ZYLA,40X WI,120 sec,1,0.163,0.5,488,30,0.3,300,0,0,0.1,300,0,0,0,0
39,20200928_3 positions DIC2_Oocyte1,w; sqh>UTR::GFP/+ ; GR1>GAL4/UAS>hop-RNAi,2,25,10A,,OK,,Yes,Yes,UTR,,NA,,NA,,Ana Milas,20201019,ZYLA,40X WI,120 sec,1,0.163,0.5,488,30,0.3,300,0,0,0.1,300,0,0,0,0
40,20200928_3 positions DIC2_Oocyte2,w; sqh>UTR::GFP/+ ; GR1>GAL4/UAS>hop-RNAi,2,25,10A,,OK,,Yes,Yes,UTR,,NA,,NA,,Ana Milas,20201019,ZYLA,40X WI,120 sec,1,0.163,0.5,488,30,0.3,300,0,0,0.1,300,0,0,0,0
41,20200928_3 positions DIC2_Oocyte3,w; sqh>UTR::GFP/+ ; GR1>GAL4/UAS>hop-RNAi,2,25,10A,,not visible,,Yes,Yes,UTR,,NA,,NA,,Ana Milas,20201019,ZYLA,40X WI,120 sec,1,0.163,0.5,488,30,0.3,300,0,0,0.1,300,0,0,0,0
42,20200605_MCZ (Z First)1_Oocyte1.tif,w; UASp>GFP::PAR1(N1S)/mata4-GAL4; Jupiter::mCherry/Jupiter::mCherry,1,18,10A,,not visible,,No,Yes,Jupiter,,NA,,Yes,,Ana Milas,20201019,ZYLA,40X WI,90 sec,140,0.163,0.5,488,20,0.1,300,561,40,0.1,300,0,0,0,0
43,20200605_MCZ (Z First)2_Oocyte1_first.tif,w; UASp>Bazooka::mGFP/mata4-GAL4; Jupiter::mCherry/Jupiter::mCherry,2,18,10B,,OK,,Yes,Yes,Jupiter,,No,,NA,,Ana Milas,20201019,ZYLA,40X WI,120 sec,140,0.163,0.5,488,20,0.1,300,561,40,0.1,300,0,0,0,0
44,20200605_MCZ (Z First)2_Oocyte2_first.tif,w; UASp>Bazooka::mGFP/mata4-GAL4; Jupiter::mCherry/Jupiter::mCherry,2,18,10B,,not visible,,No,Yes,Jupiter,,Yes,,NA,,Ana Milas,20201019,ZYLA,40X WI,120 sec,140,0.163,0.5,488,20,0.1,300,561,40,0.1,300,0,0,0,0
45,20200605_MCZ (Z First)2_Oocyte3_first.tif,w; UASp>Bazooka::mGFP/mata4-GAL4; Jupiter::mCherry/Jupiter::mCherry,2,18,10B,,not visible,,Yes,Yes,Jupiter,,Yes,,NA,,Ana Milas,20201019,ZYLA,40X WI,120 sec,140,0.163,0.5,488,20,0.1,300,561,40,0.1,300,0,0,0,0
46,20200608_MCZ (Z First)_Oocyte1_first.tif,w; UASp>Bazooka::mGFP/mata4-GAL4; Jupiter::mCherry/Jupiter::mCherry,1,18,9,,not visible,,No,Yes,Jupiter,,Yes,,NA,,Ana Milas,20201019,ZYLA,40X WI,120 sec,140,0.163,0.5,488,20,0.1,300,561,40,0.1,300,0,0,0,0
47,20200608_MCZ (Z First)_Oocyte2_first.tif,w; UASp>Bazooka::mGFP/mata4-GAL4; Jupiter::mCherry/Jupiter::mCherry,1,18,9,,OK,,No,No,Jupiter,,No,,NA,,Ana Milas,20201019,ZYLA,40X WI,120 sec,140,0.163,0.5,488,20,0.1,300,561,40,0.1,300,0,0,0,0
48,20200608_MCZ (Z First)1_Oocyte1_first.tif,w; UASp>Bazooka::mGFP/mata4-GAL4; Jupiter::mCherry/Jupiter::mCherry,2,18,10A,,OK,,No,Yes,Jupiter,,Yes,,NA,,Ana Milas,20201019,ZYLA,40X WI,120 sec,140,0.163,0.5,488,20,0.1,300,561,40,0.1,300,0,0,0,0
49,20200608_MCZ (Z First)1_Oocyte2_first.tif,w; UASp>Bazooka::mGFP/mata4-GAL4; Jupiter::mCherry/Jupiter::mCherry,2,18,9,,OK,,No,Yes,Jupiter,Small lateral gap,No,,NA,,Ana Milas,20201019,ZYLA,40X WI,120 sec,140,0.163,0.5,488,20,0.1,300,561,40,0.1,300,0,0,0,0
50,20200611_MCZ (Z First)_Oocyte1_first.tif,w; UASp>GFP::PAR1(N1S)/mata4-GAL4; Jupiter::mCherry/Jupiter::mCherry,1,18,10B,,OK,,Yes,Yes,Jupiter,,NA,,Yes,,Ana Milas,20201019,ZYLA,40X WI,120 sec,140,0.163,0.5,488,20,0.1,300,561,40,0.1,300,0,0,0,0
51,20200611_MCZ (Z First)_Oocyte2_first.tif,w; UASp>GFP::PAR1(N1S)/mata4-GAL4; Jupiter::mCherry/Jupiter::mCherry,1,18,10B,,OK,,Yes,Yes,Jupiter,,NA,,Yes,,Ana Milas,20201019,ZYLA,40X WI,120 sec,140,0.163,0.5,488,20,0.1,300,561,40,0.1,300,0,0,0,0
52,20200611_MCZ (Z First)_Oocyte3_first.tif,w; UASp>GFP::PAR1(N1S)/mata4-GAL4; Jupiter::mCherry/Jupiter::mCherry,1,18,9,,not visible,,No,No,Jupiter,,NA,,Yes,,Ana Milas,20201019,ZYLA,40X WI,120 sec,140,0.163,0.5,488,20,0.1,300,561,40,0.1,300,0,0,0,0
53,20200611_MCZ (Z First)1_Oocyte1_first.tif,w; UASp>Bazooka::mGFP/mata4-GAL4; Jupiter::mCherry/Jupiter::mCherry,1,18,10B,,not visible,,No,Yes,Jupiter,,Yes,,NA,,Ana Milas,20201019,ZYLA,40X WI,120 sec,140,0.163,0.5,488,20,0.1,300,561,40,0.1,300,0,0,0,0
54,20200611_MCZ (Z First)1_Oocyte2_first.tif,w; UASp>Bazooka::mGFP/mata4-GAL4; Jupiter::mCherry/Jupiter::mCherry,1,18,10B,,OK,,Yes,Yes,Jupiter,,No,,NA,,Ana Milas,20201019,ZYLA,40X WI,120 sec,140,0.163,0.5,488,20,0.1,300,561,40,0.1,300,0,0,0,0
55,20200611_MCZ (Z First)1_Oocyte3_first.tif,w; UASp>Bazooka::mGFP/mata4-GAL4; Jupiter::mCherry/Jupiter::mCherry,1,18,10B,,OK,,Yes,Yes,Jupiter,,No,,NA,,Ana Milas,20201019,ZYLA,40X WI,120 sec,140,0.163,0.5,488,20,0.1,300,561,40,0.1,300,0,0,0,0
56,20200615_MCZ (Z First)3_Oocyte1.tif,w; UASp>Bazooka::mGFP/mata4-GAL4; Jupiter::mCherry/Jupiter::mCherry,1,18,10B,,OK,,Yes,Yes,Jupiter,,Yes,,NA,,Ana Milas,20201019,ZYLA,40X WI,120 sec,140,0.163,0.5,488,20,0.1,300,561,40,0.1,300,0,0,0,0
57,20200615_MCZ (Z First)3_Oocyte2.tif,w; UASp>Bazooka::mGFP/mata4-GAL4; Jupiter::mCherry/Jupiter::mCherry,1,18,10B,,OK,,Yes,Yes,Jupiter,,Yes,,NA,,Ana Milas,20201019,ZYLA,40X WI,120 sec,140,0.163,0.5,488,20,0.1,300,561,40,0.1,300,0,0,0,0
58,20200615_MCZ (Z First)3_Oocyte3.tif,w; UASp>Bazooka::mGFP/mata4-GAL4; Jupiter::mCherry/Jupiter::mCherry,1,18,10B,,OK,,Yes,Yes,Jupiter,,No,,NA,,Ana Milas,20201019,ZYLA,40X WI,120 sec,140,0.163,0.5,488,20,0.1,300,561,40,0.1,300,0,0,0,0
59,20200615_MCZ (Z First)4_Oocyte1.tif,w; UASp>GFP::PAR1(N1S)/mata4-GAL4; Jupiter::mCherry/Jupiter::mCherry,1,18,10B,,OK,,Yes,Yes,Jupiter,,NA,,No,,Ana Milas,20201019,ZYLA,40X WI,120 sec,2,0.163,0.5,488,20,0.1,300,561,40,0.1,300,0,0,0,0
60,20200615_MCZ (Z First)4_Oocyte2.tif,w; UASp>GFP::PAR1(N1S)/mata4-GAL4; Jupiter::mCherry/Jupiter::mCherry,1,18,10B,,OK,,Yes,Yes,Jupiter,,NA,,No,,Ana Milas,20201019,ZYLA,40X WI,120 sec,2,0.163,0.5,488,20,0.1,300,561,40,0.1,300,0,0,0,0
61,20200615_MCZ (Z First)4_Oocyte3.tif,w; UASp>GFP::PAR1(N1S)/mata4-GAL4; Jupiter::mCherry/Jupiter::mCherry,1,18,10A,,OK,,No,Yes,Jupiter,,NA,,Yes,,Ana Milas,20201019,ZYLA,40X WI,120 sec,2,0.163,0.5,488,20,0.1,300,561,40,0.1,300,0,0,0,0
62,20200615_MCZ (Z First)5_Oocyte1.tif,w; UASp>Bazooka::mGFP/mata4-GAL4; Jupiter::mCherry/Jupiter::mCherry,2,18,11,,OK,,Yes,Yes,Jupiter,,No,,NA,,Ana Milas,20201019,ZYLA,40X WI,120 sec,2,0.163,0.5,488,20,0.1,300,561,40,0.1,300,0,0,0,0
63,20200615_MCZ (Z First)5_Oocyte2.tif,w; UASp>Bazooka::mGFP/mata4-GAL4; Jupiter::mCherry/Jupiter::mCherry,2,18,10B,,not visible,,Yes,Yes,Jupiter,,Yes,,NA,,Ana Milas,20201019,ZYLA,40X WI,120 sec,2,0.163,0.5,488,20,0.1,300,561,40,0.1,300,0,0,0,0
64,20200615_MCZ (Z First)5_Oocyte3.tif,w; UASp>Bazooka::mGFP/mata4-GAL4; Jupiter::mCherry/Jupiter::mCherry,2,18,11,,not visible,,Yes,Yes,Jupiter,,No,,NA,,Ana Milas,20201019,ZYLA,40X WI,120 sec,2,0.163,0.5,488,20,0.1,300,561,40,0.1,300,0,0,0,0
65,20200615_MCZ (Z First)6_Oocyte1.tif,w; UASp>Bazooka::mGFP/mata4-GAL4; Jupiter::mCherry/Jupiter::mCherry,2,18,10B,,not visible,,Yes,Yes,Jupiter,,Yes,,NA,,Ana Milas,20201019,ZYLA,40X WI,120 sec,60,0.163,0.5,488,20,0.1,300,561,40,0.1,300,0,0,0,0
66,20200615_MCZ (Z First)6_Oocyte2.tif,w; UASp>Bazooka::mGFP/mata4-GAL4; Jupiter::mCherry/Jupiter::mCherry,2,18,10B,,OK,,Yes,Yes,Jupiter,,Yes,,NA,,Ana Milas,20201019,ZYLA,40X WI,120 sec,60,0.163,0.5,488,20,0.1,300,561,40,0.1,300,0,0,0,0
67,20200615_MCZ (Z First)6_Oocyte3_first.tif,w; UASp>Bazooka::mGFP/mata4-GAL4; Jupiter::mCherry/Jupiter::mCherry,2,18,9,,OK,,No,Yes,Jupiter,,No,,NA,,Ana Milas,20201019,ZYLA,40X WI,120 sec,60,0.163,0.5,488,20,0.1,300,561,40,0.1,300,0,0,0,0
68,20200616_MCZ (Z First)_Oocyte1.tif,w; UASp>GFP::PAR1(N1S)/mata4-GAL4; Jupiter::mCherry/Jupiter::mCherry,1,18,8,,OK,,No,No,Jupiter,,NA,,Yes,,Ana Milas,20201026,ZYLA,40X WI,120 sec,60,0.163,0.5,488,20,0.1,300,561,40,0.1,300,0,0,0,0
69,20200616_MCZ (Z First)_Oocyte2.tif,w; UASp>GFP::PAR1(N1S)/mata4-GAL4; Jupiter::mCherry/Jupiter::mCherry,1,18,11,,not visible,,Yes,Yes,Jupiter,,NA,,No,,Ana Milas,20201026,ZYLA,40X WI,120 sec,60,0.163,0.5,488,20,0.1,300,561,40,0.1,300,0,0,0,0
70,20200616_MCZ (Z First)_Oocyte3.tif,w; UASp>GFP::PAR1(N1S)/mata4-GAL4; Jupiter::mCherry/Jupiter::mCherry,1,18,10B,,not visible,,No,Yes,Jupiter,,NA,,Yes,,Ana Milas,20201026,ZYLA,40X WI,120 sec,60,0.163,0.5,488,20,0.1,300,561,40,0.1,300,0,0,0,0
71,20200616_MCZ (Z First)1_Oocyte1.tif,w; UASp>Bazooka::mGFP/mata4-GAL4; Jupiter::mCherry/Jupiter::mCherry,1,18,10B,,not visible,,Yes,Yes,Jupiter,,No,,NA,,Ana Milas,20201026,ZYLA,40X WI,120 sec,2,0.163,0.5,488,20,0.1,300,561,40,0.1,300,0,0,0,0
72,20200616_MCZ (Z First)1_Oocyte2.tif,w; UASp>Bazooka::mGFP/mata4-GAL4; Jupiter::mCherry/Jupiter::mCherry,1,18,10B,,OK,,No,Yes,Jupiter,,Yes,,NA,,Ana Milas,20201026,ZYLA,40X WI,120 sec,2,0.163,0.5,488,20,0.1,300,561,40,0.1,300,0,0,0,0
73,20200616_MCZ (Z First)1_Oocyte3.tif,w; UASp>Bazooka::mGFP/mata4-GAL4; Jupiter::mCherry/Jupiter::mCherry,1,18,10A,,not visible,,No,Yes,Jupiter,,Yes,,NA,,Ana Milas,20201026,ZYLA,40X WI,120 sec,2,0.163,0.5,488,20,0.1,300,561,40,0.1,300,0,0,0,0
74,20200616_MCZ (Z First)2_Oocyte1.tif,w; UASp>Bazooka::mGFP/mata4-GAL4; Jupiter::mCherry/Jupiter::mCherry,2,18,10B,,not visible,,Yes,Yes,Jupiter,,No,,NA,,Ana Milas,20201026,ZYLA,40X WI,120 sec,2,0.163,0.5,488,20,0.1,300,561,40,0.1,300,0,0,0,0
75,20200616_MCZ (Z First)2_Oocyte2.tif,w; UASp>Bazooka::mGFP/mata4-GAL4; Jupiter::mCherry/Jupiter::mCherry,2,18,10B,,OK,,No,Yes,Jupiter,,Yes,,NA,,Ana Milas,20201026,ZYLA,40X WI,120 sec,2,0.163,0.5,488,20,0.1,300,561,40,0.1,300,0,0,0,0
76,20200616_MCZ (Z First)2_Oocyte3.tif,w; UASp>Bazooka::mGFP/mata4-GAL4; Jupiter::mCherry/Jupiter::mCherry,2,18,10A,,OK,,No,Yes,Jupiter,,Yes,,NA,,Ana Milas,20201026,ZYLA,40X WI,120 sec,2,0.163,0.5,488,20,0.1,300,561,40,0.1,300,0,0,0,0
77,20200616_MCZ (Z First)3_Oocyte1.tif,w; UASp>GFP::PAR1(N1S)/mata4-GAL4; Jupiter::mCherry/Jupiter::mCherry,2,18,10A,,not visible,,No,Yes,Jupiter,,NA,,Yes,,Ana Milas,20201026,ZYLA,40X WI,120 sec,2,0.163,0.5,488,20,0.1,300,561,40,0.1,300,0,0,0,0
78,20200616_MCZ (Z First)3_Oocyte2.tif,w; UASp>GFP::PAR1(N1S)/mata4-GAL4; Jupiter::mCherry/Jupiter::mCherry,2,18,10A,,OK,,No,Yes,Jupiter,,NA,,Yes,,Ana Milas,20201026,ZYLA,40X WI,120 sec,2,0.163,0.5,488,20,0.1,300,561,40,0.1,300,0,0,0,0
79,20200616_MCZ (Z First)4_Oocyte1.tif,w; UASp>GFP::PAR1(N1S)/mata4-GAL4; Jupiter::mCherry/Jupiter::mCherry,2,18,10A,,OK,,No,Yes,Jupiter,,NA,,Yes,,Ana Milas,20201026,ZYLA,40X WI,120 sec,2,0.163,0.5,488,20,0.1,300,561,40,0.1,300,0,0,0,0
80,20200616_MCZ (Z First)4_Oocyte2.tif,w; UASp>GFP::PAR1(N1S)/mata4-GAL4; Jupiter::mCherry/Jupiter::mCherry,2,18,10B,,OK,,No,Yes,Jupiter,,NA,,Yes,,Ana Milas,20201026,ZYLA,40X WI,120 sec,2,0.163,0.5,488,20,0.1,300,561,40,0.1,300,0,0,0,0
81,20200616_MCZ (Z First)4_Oocyte3.tif,w; UASp>GFP::PAR1(N1S)/mata4-GAL4; Jupiter::mCherry/Jupiter::mCherry,2,18,11,,not visible,,Yes,Yes,Jupiter,,NA,,No,,Ana Milas,20201026,ZYLA,40X WI,120 sec,2,0.163,0.5,488,20,0.1,300,561,40,0.1,300,0,0,0,0
82,20200616_MCZ (Z First)5_Oocyte1.tif,w; UASp>GFP::PAR1(N1S)/mata4-GAL4; Jupiter::mCherry/Jupiter::mCherry,2,18,10A,,OK,,No,Yes,Jupiter,,NA,,Yes,,Ana Milas,20201026,ZYLA,40X WI,120 sec,2,0.163,0.5,488,20,0.1,300,561,40,0.1,300,0,0,0,0
83,20200616_MCZ (Z First)5_Oocyte2.tif,w; UASp>GFP::PAR1(N1S)/mata4-GAL4; Jupiter::mCherry/Jupiter::mCherry,2,18,10B,,not visible,,Yes,Yes,Jupiter,,NA,,No,,Ana Milas,20201026,ZYLA,40X WI,120 sec,2,0.163,0.5,488,20,0.1,300,561,40,0.1,300,0,0,0,0
84,20200616_MCZ (Z First)5_Oocyte3.tif,w; UASp>GFP::PAR1(N1S)/mata4-GAL4; Jupiter::mCherry/Jupiter::mCherry,2,18,10B,,not visible,,Yes,Yes,Jupiter,,NA,,Yes,,Ana Milas,20201026,ZYLA,40X WI,120 sec,2,0.163,0.5,488,20,0.1,300,561,40,0.1,300,0,0,0,0
85,20200616_MCZ (Z First)6_Oocyte1.tif,w; UASp>GFP::PAR1(N1S)/mata4-GAL4; Jupiter::mCherry/Jupiter::mCherry,3,18,9,,not visible,,No,Yes,Jupiter,,NA,,Yes,,Ana Milas,20201026,ZYLA,40X WI,120 sec,2,0.163,0.5,488,20,0.1,300,561,40,0.1,300,0,0,0,0
86,20200616_MCZ (Z First)6_Oocyte2.tif,w; UASp>GFP::PAR1(N1S)/mata4-GAL4; Jupiter::mCherry/Jupiter::mCherry,3,18,10A,,OK,,No,No,Jupiter,,NA,,Yes,,Ana Milas,20201026,ZYLA,40X WI,120 sec,2,0.163,0.5,488,20,0.1,300,561,40,0.1,300,0,0,0,0
87,20200616_MCZ (Z First)6_Oocyte3.tif,w; UASp>GFP::PAR1(N1S)/mata4-GAL4; Jupiter::mCherry/Jupiter::mCherry,3,18,10A,,not visible,,No,Yes,Jupiter,,NA,,Yes,,Ana Milas,20201026,ZYLA,40X WI,120 sec,2,0.163,0.5,488,20,0.1,300,561,40,0.1,300,0,0,0,0
88,20200616_MCZ (Z First)7_Oocyte1.tif,w; UASp>Bazooka::mGFP/mata4-GAL4; Jupiter::mCherry/Jupiter::mCherry,2,18,10B,,not visible,,Yes,Yes,Jupiter,,No,,NA,,Ana Milas,20201026,ZYLA,40X WI,120 sec,2,0.163,0.5,488,20,0.1,300,561,40,0.1,300,0,0,0,0
89,20200616_MCZ (Z First)7_Oocyte2.tif,w; UASp>Bazooka::mGFP/mata4-GAL4; Jupiter::mCherry/Jupiter::mCherry,2,18,10A,,OK,,No,Yes,Jupiter,,Yes,,NA,,Ana Milas,20201026,ZYLA,40X WI,120 sec,2,0.163,0.5,488,20,0.1,300,561,40,0.1,300,0,0,0,0
90,20200616_MCZ (Z First)8_Oocyte1.tif,w; UASp>Bazooka::mGFP/mata4-GAL4; Jupiter::mCherry/Jupiter::mCherry,2,18,11,,OK,,Yes,Yes,Jupiter,,No,,NA,,Ana Milas,20201026,ZYLA,40X WI,120 sec,2,0.163,0.5,488,20,0.1,300,561,40,0.1,300,0,0,0,0
91,20200616_MCZ (Z First)9_Oocyte1.tif,w; UASp>Bazooka::mGFP/mata4-GAL4; Jupiter::mCherry/Jupiter::mCherry,2,18,10B,,OK,,Yes,Yes,Jupiter,,Yes,,NA,,Ana Milas,20201026,ZYLA,40X WI,120 sec,2,0.163,0.5,488,20,0.1,300,561,40,0.1,300,0,0,0,0
92,20200616_MCZ (Z First)9_Oocyte2.tif,w; UASp>Bazooka::mGFP/mata4-GAL4; Jupiter::mCherry/Jupiter::mCherry,2,18,11,,OK,,Yes,Yes,Jupiter,,No,,NA,,Ana Milas,20201026,ZYLA,40X WI,120 sec,2,0.163,0.5,488,20,0.1,300,561,40,0.1,300,0,0,0,0
93,20200616_MCZ (Z First)11_Oocyte1.tif,w; UASp>GFP::PAR1(N1S)/mata4-GAL4; Jupiter::mCherry/Jupiter::mCherry,4,18,10B,,OK,,Yes,Yes,Jupiter,,NA,,No,,Ana Milas,20201026,ZYLA,40X WI,120 sec,60,0.163,0.5,488,20,0.1,300,561,40,0.1,300,0,0,0,0
94,20200616_MCZ (Z First)11_Oocyte2.tif,w; UASp>GFP::PAR1(N1S)/mata4-GAL4; Jupiter::mCherry/Jupiter::mCherry,4,18,10B,,not visible,,Yes,Yes,Jupiter,,NA,,Yes,,Ana Milas,20201026,ZYLA,40X WI,120 sec,60,0.163,0.5,488,20,0.1,300,561,40,0.1,300,0,0,0,0
95,20200616_MCZ (Z First)12_Oocyte1.tif,w; UASp>GFP::PAR1(N1S)/mata4-GAL4; Jupiter::mCherry/Jupiter::mCherry,5,18,10B,,OK,,No,Yes,Jupiter,,NA,,Yes,,Ana Milas,20201026,ZYLA,40X WI,120 sec,2,0.163,0.5,488,20,0.1,300,561,40,0.1,300,0,0,0,0
96,20200616_MCZ (Z First)12_Oocyte2.tif,w; UASp>GFP::PAR1(N1S)/mata4-GAL4; Jupiter::mCherry/Jupiter::mCherry,5,18,11,,OK,,Yes,Yes,Jupiter,,NA,,Yes,Very low,Ana Milas,20201026,ZYLA,40X WI,120 sec,2,0.163,0.5,488,20,0.1,300,561,40,0.1,300,0,0,0,0
97,20200616_MCZ (Z First)12_Oocyte3.tif,w; UASp>GFP::PAR1(N1S)/mata4-GAL4; Jupiter::mCherry/Jupiter::mCherry,5,18,10B,,OK,,Yes,Yes,Jupiter,,NA,,Yes,,Ana Milas,20201026,ZYLA,40X WI,120 sec,2,0.163,0.5,488,20,0.1,300,561,40,0.1,300,0,0,0,0
98,20200616_MCZ (Z First)13_Oocyte1.tif,w; UASp>GFP::PAR1(N1S)/mata4-GAL4; Jupiter::mCherry/Jupiter::mCherry,5,18,10B,,not visible,,Yes,Yes,Jupiter,,NA,,No,,Ana Milas,20201026,ZYLA,40X WI,120 sec,2,0.163,0.5,488,20,0.1,300,561,40,0.1,300,0,0,0,0
99,20200616_MCZ (Z First)13_Oocyte2.tif,w; UASp>GFP::PAR1(N1S)/mata4-GAL4; Jupiter::mCherry/Jupiter::mCherry,5,18,10B,,OK,,Yes,Yes,Jupiter,,NA,,Yes,,Ana Milas,20201026,ZYLA,40X WI,120 sec,2,0.163,0.5,488,20,0.1,300,561,40,0.1,300,0,0,0,0
100,20200618_MCZ (Z First)1_Oocyte1_first.tif,w; UASp>Bazooka::mCherry/UASp>GFP::PAR1(N1S); +/mata4-GAL4,1,18,10B,,OK,,NA,NA,NA,,No,,Yes,,Ana Milas,20201026,ZYLA,40X WI,120 sec,60,0.163,0.5,488,20,0.1,300,561,70,0.1,300,0,0,0,0
101,20200618_MCZ (Z First)1_Oocyte2_first.tif,w; UASp>Bazooka::mCherry/UASp>GFP::PAR1(N1S); +/mata4-GAL4,1,18,10B,,OK,,NA,NA,NA,,No,,Yes,Very low,Ana Milas,20201026,ZYLA,40X WI,120 sec,60,0.163,0.5,488,20,0.1,300,561,70,0.1,300,0,0,0,0
102,20200618_MCZ (Z First)1_Oocyte3_first.tif,w; UASp>Bazooka::mCherry/UASp>GFP::PAR1(N1S); +/mata4-GAL4,1,18,10B,,OK,,NA,NA,NA,,No,Low,Yes,,Ana Milas,20201026,ZYLA,40X WI,120 sec,60,0.163,0.5,488,20,0.1,300,561,70,0.1,300,0,0,0,0
103,20200618_MCZ (Z First)2_Oocyte1.tif,w; UASp>Bazooka::mCherry/UASp>GFP::PAR1(N1S); +/mata4-GAL4,2,18,10B,,OK,,NA,NA,NA,,No,,Yes,,Ana Milas,20201026,ZYLA,40X WI,120 sec,2,0.163,0.5,488,20,0.1,300,561,70,0.1,300,0,0,0,0
104,20200618_MCZ (Z First)2_Oocyte2.tif,w; UASp>Bazooka::mCherry/UASp>GFP::PAR1(N1S); +/mata4-GAL4,2,18,10A,,OK,,NA,NA,NA,,Yes,,Yes,,Ana Milas,20201026,ZYLA,40X WI,120 sec,2,0.163,0.5,488,20,0.1,300,561,40,0.1,300,0,0,0,0
105,20200618_MCZ (Z First)2_Oocyte3.tif,w; UASp>Bazooka::mCherry/UASp>GFP::PAR1(N1S); +/mata4-GAL4,2,18,10B,,OK,,NA,NA,NA,,No,,Yes,,Ana Milas,20201026,ZYLA,40X WI,120 sec,2,0.163,0.5,488,20,0.1,300,561,40,0.1,300,0,0,0,0
106,20200618_MCZ (Z First)4_Oocyte1_first.tif,w; UASp>Bazooka::mCherry/UASp>GFP::PAR1(N1S); +/mata4-GAL4,2,18,10B,,OK,,NA,NA,NA,,No,,Yes,,Ana Milas,20201026,ZYLA,40X WI,120 sec,60,0.163,0.5,488,20,0.1,300,561,70,0.1,300,0,0,0,0
107,20200618_MCZ (Z First)4_Oocyte2_first.tif,w; UASp>Bazooka::mCherry/UASp>GFP::PAR1(N1S); +/mata4-GAL4,2,18,10B,,OK,,NA,NA,NA,,No,,Yes,,Ana Milas,20201026,ZYLA,40X WI,120 sec,60,0.163,0.5,488,20,0.1,300,561,70,0.1,300,0,0,0,0
108,20200618_MCZ (Z First)4_Oocyte3_first.tif,w; UASp>Bazooka::mCherry/UASp>GFP::PAR1(N1S); +/mata4-GAL4,2,18,10B,,OK,,NA,NA,NA,,No,,Yes,,Ana Milas,20201026,ZYLA,40X WI,120 sec,60,0.163,0.5,488,20,0.1,300,561,70,0.1,300,0,0,0,0
109,20200619_MCZ (Z First)5_Oocyte1.tif,w; UASp>Bazooka::mCherry/UASp>GFP::PAR1(N1S); +/mata4-GAL4,1,18,10B,,OK,,NA,NA,NA,,Yes,,Yes,,Ana Milas,20201026,ZYLA,40X WI,120 sec,2,0.163,0.5,488,20,0.1,300,561,70,0.1,300,0,0,0,0
110,20200619_MCZ (Z First)5_Oocyte2.tif,w; UASp>Bazooka::mCherry/UASp>GFP::PAR1(N1S); +/mata4-GAL4,1,18,10A,,OK,,NA,NA,NA,,Yes,,Yes,,Ana Milas,20201026,ZYLA,40X WI,120 sec,2,0.163,0.5,488,20,0.1,300,561,70,0.1,300,0,0,0,0
111,20200619_MCZ (Z First)5_Oocyte3.tif,w; UASp>Bazooka::mCherry/UASp>GFP::PAR1(N1S); +/mata4-GAL4,1,18,10B,,OK,,NA,NA,NA,,No,,Yes,,Ana Milas,20201026,ZYLA,40X WI,120 sec,2,0.163,0.5,488,20,0.1,300,561,70,0.1,300,0,0,0,0
112,20200619_MCZ (Z First)6_Oocyte1_first.tif,w; UASp>Bazooka::mCherry/UASp>GFP::PAR1(N1S); +/mata4-GAL4,1,18,10B,,not visible,,NA,NA,NA,,No,,Yes,,Ana Milas,20201026,ZYLA,40X WI,120 sec,60,0.163,0.5,488,20,0.1,300,561,70,0.1,300,0,0,0,0
113,20200619_MCZ (Z First)6_Oocyte2_first.tif,w; UASp>Bazooka::mCherry/UASp>GFP::PAR1(N1S); +/mata4-GAL4,1,18,10B,,OK,,NA,NA,NA,,No,,Yes,,Ana Milas,20201026,ZYLA,40X WI,120 sec,60,0.163,0.5,488,20,0.1,300,561,70,0.1,300,0,0,0,0
114,20200619_MCZ (Z First)6_Oocyte3_first.tif,w; UASp>Bazooka::mCherry/UASp>GFP::PAR1(N1S); +/mata4-GAL4,1,18,10B,,OK,,NA,NA,NA,,No,,Yes,,Ana Milas,20201026,ZYLA,40X WI,120 sec,60,0.163,0.5,488,20,0.1,300,561,70,0.1,300,0,0,0,0
115,20200619_MCZ (Z First)7_Oocyte1.tif,w; UASp>Bazooka::mCherry/UASp>GFP::PAR1(N1S); +/mata4-GAL4,2,18,10A,,OK,,NA,NA,NA,,Yes,,Yes,Very low,Ana Milas,20201026,ZYLA,40X WI,120 sec,5,0.163,0.5,488,20,0.1,300,561,70,0.1,300,0,0,0,0
116,20200619_MCZ (Z First)7_Oocyte2.tif,w; UASp>Bazooka::mCherry/UASp>GFP::PAR1(N1S); +/mata4-GAL4,2,18,10A,,OK,,NA,NA,NA,,Yes,,Yes,,Ana Milas,20201026,ZYLA,40X WI,120 sec,5,0.163,0.5,488,20,0.1,300,561,70,0.1,300,0,0,0,0
117,20200619_MCZ (Z First)9_Oocyte1.tif,w; UASp>Bazooka::mCherry/UASp>GFP::PAR1(N1S); +/mata4-GAL4,3,18,10B,,not visible,,NA,NA,NA,,Yes,,Yes,,Ana Milas,20201026,ZYLA,40X WI,120 sec,60,0.163,0.5,488,20,0.1,300,561,70,0.1,300,0,0,0,0
118,20200619_MCZ (Z First)9_Oocyte2.tif,w; UASp>Bazooka::mCherry/UASp>GFP::PAR1(N1S); +/mata4-GAL4,3,18,10B,,OK,,NA,NA,NA,,No,,Yes,Very low,Ana Milas,20201026,ZYLA,40X WI,120 sec,60,0.163,0.5,488,20,0.1,300,561,70,0.1,300,0,0,0,0
119,20200619_MCZ (Z First)9_Oocyte3.tif,w; UASp>Bazooka::mCherry/UASp>GFP::PAR1(N1S); +/mata4-GAL4,3,18,10B,,OK,,NA,NA,NA,,No,,Yes,,Ana Milas,20201026,ZYLA,40X WI,120 sec,60,0.163,0.5,488,20,0.1,300,561,70,0.1,300,0,0,0,0
120,20200624_MCZ (Z First)_Oocyte1_first.tif,w; UASp>Bazooka::mCherry/mata4-GAL4; +/sqh>UTR::GFP,1,18,10B,,OK,,No,Yes,UTR,,Yes,,NA,,Ana Milas,20201026,ZYLA,40X WI,120 sec,60,0.163,0.5,488,20,0.1,300,561,100,0.1,300,0,0,0,0
121,20200624_MCZ (Z First)_Oocyte2_first.tif,w; UASp>Bazooka::mCherry/mata4-GAL4; +/sqh>UTR::GFP,1,18,10B,,not visible,,Yes,Yes,UTR,,No,,NA,,Ana Milas,20201026,ZYLA,40X WI,120 sec,60,0.163,0.5,488,20,0.1,300,561,100,0.1,300,0,0,0,0
122,20200624_MCZ (Z First)_Oocyte3_first.tif,w; UASp>Bazooka::mCherry/mata4-GAL4; +/sqh>UTR::GFP,1,18,10B,,not visible,,Yes,Yes,UTR,,No,,NA,,Ana Milas,20201026,ZYLA,40X WI,120 sec,60,0.163,0.5,488,20,0.1,300,561,100,0.1,300,0,0,0,0
123,20200624_MCZ (Z First)1_Oocyte1.tif,w; UASp>Bazooka::mCherry/mata4-GAL4; +/sqh>UTR::GFP,2,18,10B,,OK,,No,Yes,UTR,,Yes,,NA,,Ana Milas,20201026,ZYLA,40X WI,120 sec,60,0.163,0.5,488,20,0.1,300,561,100,0.5,300,0,0,0,0
124,20200624_MCZ (Z First)1_Oocyte2.tif,w; UASp>Bazooka::mCherry/mata4-GAL4; +/sqh>UTR::GFP,2,18,11,,OK,,Yes,Yes,UTR,,No,,NA,,Ana Milas,20201026,ZYLA,40X WI,120 sec,60,0.163,0.5,488,20,0.1,300,561,100,0.5,300,0,0,0,0
125,20200624_MCZ (Z First)1_Oocyte3.tif,w; UASp>Bazooka::mCherry/mata4-GAL4; +/sqh>UTR::GFP,2,18,10A,,not visible,,No,Yes,UTR,,Yes,,NA,,Ana Milas,20201026,ZYLA,40X WI,120 sec,60,0.163,0.5,488,20,0.1,300,561,100,0.5,300,0,0,0,0
126,20200624_MCZ (Z First)2_Oocyte2.tif,w; UASp>Bazooka::mCherry/mata4-GAL4; +/sqh>UTR::GFP,3,18,10B,,OK,,Yes,Yes,UTR,,No,,NA,,Ana Milas,20201026,ZYLA,40X WI,120 sec,60,0.163,0.5,488,20,0.1,300,561,100,0.5,300,0,0,0,0
127,20200624_MCZ (Z First)2_Oocyte3.tif,w; UASp>Bazooka::mCherry/mata4-GAL4; +/sqh>UTR::GFP,3,18,10B,,not visible,,Yes,Yes,UTR,,No,,NA,,Ana Milas,20201026,ZYLA,40X WI,120 sec,60,0.163,0.5,488,20,0.1,300,561,100,0.5,300,0,0,0,0
128,20200624_MCZ (Z First)3_Oocyte1_first.tif,w; UASp>Bazooka::mCherry/mata4-GAL4; +/sqh>UTR::GFP,3,18,10A,,not visible,,No,Yes,UTR,,Yes,,NA,,Ana Milas,20201026,ZYLA,40X WI,300 sec,30,0.163,0.5,488,20,0.1,300,561,100,0.5,300,0,0,0,0
129,20200624_MCZ (Z First)3_Oocyte2_first.tif,w; UASp>Bazooka::mCherry/mata4-GAL4; +/sqh>UTR::GFP,3,18,10B,,OK,,Yes,Yes,UTR,Small posterior gap,Yes,,NA,,Ana Milas,20201026,ZYLA,40X WI,300 sec,30,0.163,0.5,488,20,0.1,300,561,100,0.5,300,0,0,0,0
130,20200624_MCZ (Z First)3_Oocyte3_first.tif,w; UASp>Bazooka::mCherry/mata4-GAL4; +/sqh>UTR::GFP,3,18,10B,,not visible,,Yes,Yes,UTR,,No,,NA,,Ana Milas,20201026,ZYLA,40X WI,300 sec,30,0.163,0.5,488,20,0.1,300,561,100,0.5,300,0,0,0,0
131,20200625_MCZ (Z First)_Oocyte1_first.tif,w; UASp>Bazooka::mCherry/UASp>GFP::PAR1(N1S); +/mata4-GAL4,1,18,10B,,OK,,NA,NA,NA,,No,,Yes,Very low,Ana Milas,20201026,ZYLA,40X WI,300 sec,30,0.163,0.5,488,20,0.3,300,561,70,0.3,300,0,0,0,0
132,20200625_MCZ (Z First)_Oocyte2_first.tif,w; UASp>Bazooka::mCherry/UASp>GFP::PAR1(N1S); +/mata4-GAL4,1,18,10A,,OK,,NA,NA,NA,,No,,Yes,,Ana Milas,20201026,ZYLA,40X WI,300 sec,30,0.163,0.5,488,20,0.3,300,561,70,0.3,300,0,0,0,0
133,20200625_MCZ (Z First)_Oocyte3_first.tif,w; UASp>Bazooka::mCherry/UASp>GFP::PAR1(N1S); +/mata4-GAL4,1,18,10B,,OK,,NA,NA,NA,,Yes,,Yes,Low,Ana Milas,20201026,ZYLA,40X WI,300 sec,30,0.163,0.5,488,20,0.3,300,561,70,0.3,300,0,0,0,0
134,20200625_MCZ (Z First)1_Oocyte2_first.tif,w; UASp>Bazooka::mCherry/UASp>GFP::PAR1(N1S); +/mata4-GAL4,2,18,10B,,OK,,NA,NA,NA,,No,,Yes,,Ana Milas,20201026,ZYLA,40X WI,300 sec,30,0.163,0.5,488,20,0.3,300,561,70,0.3,300,0,0,0,0
135,20200625_MCZ (Z First)3_Oocyte1.tif,w; UASp>Bazooka::mCherry/UASp>GFP::PAR1(N1S); +/mata4-GAL4,3,18,10B,,not visible,,NA,NA,NA,,No,,No,,Ana Milas,20201026,ZYLA,40X WI,300 sec,1,0.163,0.5,488,20,0.3,300,561,70,0.3,300,0,0,0,0
136,20200625_MCZ (Z First)3_Oocyte2.tif,w; UASp>Bazooka::mCherry/UASp>GFP::PAR1(N1S); +/mata4-GAL4,3,18,10B,,OK,,NA,NA,NA,,No,,No,,Ana Milas,20201026,ZYLA,40X WI,300 sec,1,0.163,0.5,488,20,0.3,300,561,70,0.3,300,0,0,0,0
137,20200625_MCZ (Z First)3_Oocyte3.tif,w; UASp>Bazooka::mCherry/UASp>GFP::PAR1(N1S); +/mata4-GAL4,3,18,10AB,,OK,,NA,NA,NA,,No,,Yes,,Ana Milas,20201026,ZYLA,40X WI,300 sec,1,0.163,0.5,488,20,0.3,300,561,70,0.3,300,0,0,0,0
138,20200625_MCZ (Z First)4_Oocyte1.tif,w; UASp>Bazooka::mCherry/UASp>GFP::PAR1(N1S); +/mata4-GAL4,3,18,10B,,not visible,,NA,NA,NA,,No,,No,,Ana Milas,20201026,ZYLA,40X WI,300 sec,1,0.163,0.5,488,20,0.3,300,561,70,0.3,300,0,0,0,0
139,20200625_MCZ (Z First)4_Oocyte2.tif,w; UASp>Bazooka::mCherry/UASp>GFP::PAR1(N1S); +/mata4-GAL4,3,18,10B,,OK,,NA,NA,NA,,No,,No,,Ana Milas,20201026,ZYLA,40X WI,300 sec,1,0.163,0.5,488,20,0.3,300,561,70,0.3,300,0,0,0,0
140,20200625_MCZ (Z First)4_Oocyte3.tif,w; UASp>Bazooka::mCherry/UASp>GFP::PAR1(N1S); +/mata4-GAL4,3,18,10B,,not visible,,NA,NA,NA,,No,,No,,Ana Milas,20201026,ZYLA,40X WI,300 sec,1,0.163,0.5,488,20,0.3,300,561,70,0.3,300,0,0,0,0
141,20200625_MCZ (Z First)5_Oocyte1.tif,w; UASp>Bazooka::mCherry/UASp>GFP::PAR1(N1S); +/mata4-GAL4,3,18,10B,,OK,,NA,NA,NA,,No,,Yes,,Ana Milas,20201026,ZYLA,40X WI,300 sec,1,0.163,0.5,488,20,0.3,300,561,70,0.3,300,0,0,0,0
142,20200625_MCZ (Z First)5_Oocyte2.tif,w; UASp>Bazooka::mCherry/UASp>GFP::PAR1(N1S); +/mata4-GAL4,3,18,10B,,OK,,NA,NA,NA,,No,,Yes,,Ana Milas,20201026,ZYLA,40X WI,300 sec,1,0.163,0.5,488,20,0.3,300,561,70,0.3,300,0,0,0,0
143,20200625_MCZ (Z First)5_Oocyte3.tif,w; UASp>Bazooka::mCherry/UASp>GFP::PAR1(N1S); +/mata4-GAL4,3,18,10B,,OK,,NA,NA,NA,,No,,Yes,,Ana Milas,20201026,ZYLA,40X WI,300 sec,1,0.163,0.5,488,20,0.3,300,561,70,0.3,300,0,0,0,0
144,20200625_MCZ (Z First)6_Oocyte1.tif,w; UASp>Bazooka::mCherry/UASp>GFP::PAR1(N1S); +/mata4-GAL4,4,18,10A,,OK,,NA,NA,NA,,Yes,,Yes,,Ana Milas,20201026,ZYLA,40X WI,300 sec,1,0.163,0.5,488,20,0.3,300,561,70,0.3,300,0,0,0,0
145,20200625_MCZ (Z First)6_Oocyte2.tif,w; UASp>Bazooka::mCherry/UASp>GFP::PAR1(N1S); +/mata4-GAL4,4,18,10B,,OK,,NA,NA,NA,,No,,Yes,,Ana Milas,20201026,ZYLA,40X WI,300 sec,1,0.163,0.5,488,20,0.3,300,561,70,0.3,300,0,0,0,0
146,20200625_MCZ (Z First)6_Oocyte3.tif,w; UASp>Bazooka::mCherry/UASp>GFP::PAR1(N1S); +/mata4-GAL4,4,18,10B,,OK,,NA,NA,NA,,No,,Yes,Very low,Ana Milas,20201026,ZYLA,40X WI,300 sec,1,0.163,0.5,488,20,0.3,300,561,70,0.3,300,0,0,0,0
147,20201104_3 positions DIC11_Oocyte1,w; UASp>Bazooka::mGFP/mata4-GAL4; Jupiter::mCherry/Jupiter::mCherry,4,18,9,,not visible,,No,Yes,Jupiter,,No,,NA,,Ana Milas,20201109,ZYLA,40X WI,120 sec,1,0.163,0.5,488,20,0.3,300,561,40,0.3,300,0,0,0.1,300
148,20201104_3 positions DIC11_Oocyte2,w; UASp>Bazooka::mGFP/mata4-GAL4; Jupiter::mCherry/Jupiter::mCherry,4,18,9,,OK,,No,Yes,Jupiter,,No,,NA,,Ana Milas,20201109,ZYLA,40X WI,120 sec,1,0.163,0.5,488,20,0.3,300,561,40,0.3,300,0,0,0.1,300
149,20201104_3 positions DIC13_Oocyte1,w; UASp>Bazooka::mGFP/mata4-GAL4; Jupiter::mCherry/Jupiter::mCherry,5,18,10A,,OK,,No,Yes,Jupiter,,No,,NA,,Ana Milas,20201109,ZYLA,40X WI,120 sec,1,0.163,0.5,488,20,0.3,300,561,40,0.3,300,0,0,0.1,300
150,20201104_3 positions DIC13_Oocyte2,w; UASp>Bazooka::mGFP/mata4-GAL4; Jupiter::mCherry/Jupiter::mCherry,5,18,10A,,OK,,No,Yes,Jupiter,,Yes,,NA,,Ana Milas,20201109,ZYLA,40X WI,120 sec,1,0.163,0.5,488,20,0.3,300,561,40,0.3,300,0,0,0.1,300
151,20201104_3 positions DIC13_Oocyte3,w; UASp>Bazooka::mGFP/mata4-GAL4; Jupiter::mCherry/Jupiter::mCherry,5,18,10A,,OK,,No,Yes,Jupiter,,Yes,,NA,,Ana Milas,20201109,ZYLA,40X WI,120 sec,1,0.163,0.5,488,20,0.3,300,561,40,0.3,300,0,0,0.1,300
152,20201104_3 positions DIC15_Oocyte1,w; UASp>Bazooka::mGFP/mata4-GAL4; Jupiter::mCherry/Jupiter::mCherry,6,18,9,,OK,,No,Not clear,Jupiter,,Not clear,,NA,,Ana Milas,20201109,ZYLA,40X WI,120 sec,1,0.163,0.5,488,20,0.3,300,561,40,0.3,300,0,0,0.1,300
153,20201104_3 positions DIC15_Oocyte2,w; UASp>Bazooka::mGFP/mata4-GAL4; Jupiter::mCherry/Jupiter::mCherry,6,18,9,,not visible,,No,Yes,Jupiter,,Yes,,NA,,Ana Milas,20201109,ZYLA,40X WI,120 sec,1,0.163,0.5,488,20,0.3,300,561,40,0.3,300,0,0,0.1,300
154,20201104_3 positions DIC15_Oocyte3,w; UASp>Bazooka::mGFP/mata4-GAL4; Jupiter::mCherry/Jupiter::mCherry,6,18,8,,OK,,No,Not clear,Jupiter,,Not clear,,NA,,Ana Milas,20201109,ZYLA,40X WI,120 sec,1,0.163,0.5,488,20,0.3,300,561,40,0.3,300,0,0,0.1,300
155,20201104_3 positions DIC17_Oocyte1,w; UASp>Bazooka::mGFP/mata4-GAL4; Jupiter::mCherry/Jupiter::mCherry,7,18,10B,,not visible,,Yes,Yes,Jupiter,,Yes,,NA,,Ana Milas,20201109,ZYLA,40X WI,120 sec,1,0.163,0.5,488,20,0.3,300,561,40,0.3,300,0,0,0.1,300
156,20201104_3 positions DIC17_Oocyte2,w; UASp>Bazooka::mGFP/mata4-GAL4; Jupiter::mCherry/Jupiter::mCherry,7,18,9,,OK,,No,No,Jupiter,,No,,NA,,Ana Milas,20201109,ZYLA,40X WI,120 sec,1,0.163,0.5,488,20,0.3,300,561,40,0.3,300,0,0,0.1,300
157,20201104_3 positions DIC17_Oocyte3,w; UASp>Bazooka::mGFP/mata4-GAL4; Jupiter::mCherry/Jupiter::mCherry,7,18,9,,OK,,No,No,Jupiter,,No,,NA,,Ana Milas,20201109,ZYLA,40X WI,120 sec,1,0.163,0.5,488,20,0.3,300,561,40,0.3,300,0,0,0.1,300
158,20201104_3 positions DIC19_Oocyte1,w; UASp>Bazooka::mGFP/mata4-GAL4; Jupiter::mCherry/Jupiter::mCherry,7,18,10B,,OK,,Yes,Yes,Jupiter,,Yes,,NA,,Ana Milas,20201109,ZYLA,40X WI,120 sec,1,0.163,0.5,488,20,0.3,300,561,40,0.3,300,0,0,0.1,300
159,20201104_3 positions DIC19_Oocyte2,w; UASp>Bazooka::mGFP/mata4-GAL4; Jupiter::mCherry/Jupiter::mCherry,7,18,10B,,OK,,No,Yes,Jupiter,,Yes,,NA,,Ana Milas,20201109,ZYLA,40X WI,120 sec,1,0.163,0.5,488,20,0.3,300,561,40,0.3,300,0,0,0.1,300
160,20201104_3 positions DIC19_Oocyte3,w; UASp>Bazooka::mGFP/mata4-GAL4; Jupiter::mCherry/Jupiter::mCherry,7,18,10B,,OK,,Yes,Yes,Jupiter,,Yes,,NA,,Ana Milas,20201109,ZYLA,40X WI,120 sec,1,0.163,0.5,488,20,0.3,300,561,40,0.3,300,0,0,0.1,300
161,20201104_3 positions DIC1_Oocyte1,w; UASp>Bazooka::mGFP/mata4-GAL4; Jupiter::mCherry/Jupiter::mCherry,1,18,9,,OK,,No,No,Jupiter,,No,,NA,,Ana Milas,20201109,ZYLA,40X WI,120 sec,1,0.163,1,488,20,0.3,300,561,40,0.3,300,0,0,0.1,300
162,20201104_3 positions DIC1_Oocyte2,w; UASp>Bazooka::mGFP/mata4-GAL4; Jupiter::mCherry/Jupiter::mCherry,1,18,10A,,OK,,No,Yes,Jupiter,,Yes,,NA,,Ana Milas,20201109,ZYLA,40X WI,120 sec,1,0.163,0.5,488,20,0.3,300,561,40,0.3,300,0,0,0.1,300
163,20201104_3 positions DIC1_Oocyte3,w; UASp>Bazooka::mGFP/mata4-GAL4; Jupiter::mCherry/Jupiter::mCherry,1,18,10A,,OK,,No,Yes,Jupiter,,Yes,,NA,,Ana Milas,20201109,ZYLA,40X WI,120 sec,1,0.163,1,488,20,0.3,300,561,40,0.3,300,0,0,0.1,300
164,20201104_3 positions DIC3_Oocyte1,w; UASp>Bazooka::mGFP/mata4-GAL4; Jupiter::mCherry/Jupiter::mCherry,2,18,9,,OK,,No,No,Jupiter,,No,,NA,,Ana Milas,20201109,ZYLA,40X WI,120 sec,1,0.163,0.5,488,20,0.3,300,561,40,0.3,300,0,0,0.1,300
165,20201104_3 positions DIC3_Oocyte2,w; UASp>Bazooka::mGFP/mata4-GAL4; Jupiter::mCherry/Jupiter::mCherry,2,18,10B,,OK,,Yes,Yes,Jupiter,,Yes,,NA,,Ana Milas,20201109,ZYLA,40X WI,120 sec,1,0.163,0.5,488,20,0.3,300,561,40,0.3,300,0,0,0.1,300
166,20201104_3 positions DIC3_Oocyte3,w; UASp>Bazooka::mGFP/mata4-GAL4; Jupiter::mCherry/Jupiter::mCherry,2,18,10B,,OK,,Yes,Yes,Jupiter,,Yes,,NA,,Ana Milas,20201109,ZYLA,40X WI,120 sec,1,0.163,0.5,488,20,0.3,300,561,40,0.3,300,0,0,0.1,300
167,20201104_3 positions DIC5_Oocyte1,w; UASp>Bazooka::mGFP/mata4-GAL4; Jupiter::mCherry/Jupiter::mCherry,2,18,10A,,OK,,No,Yes,Jupiter,,Yes,,NA,,Ana Milas,20201109,ZYLA,40X WI,120 sec,1,0.163,0.5,488,20,0.3,300,561,40,0.3,300,0,0,0.1,300
168,20201104_3 positions DIC5_Oocyte2,w; UASp>Bazooka::mGFP/mata4-GAL4; Jupiter::mCherry/Jupiter::mCherry,2,18,9,,not visible,,No,No,Jupiter,,No,,NA,,Ana Milas,20201109,ZYLA,40X WI,120 sec,1,0.163,0.5,488,20,0.3,300,561,40,0.3,300,0,0,0.1,300
169,20201104_3 positions DIC5_Oocyte3,w; UASp>Bazooka::mGFP/mata4-GAL4; Jupiter::mCherry/Jupiter::mCherry,2,18,9,,OK,,No,No,Jupiter,,No,,NA,,Ana Milas,20201109,ZYLA,40X WI,120 sec,1,0.163,0.5,488,20,0.3,300,561,40,0.3,300,0,0,0.1,300
170,20201104_3 positions DIC7_Oocyte1,w; UASp>Bazooka::mGFP/mata4-GAL4; Jupiter::mCherry/Jupiter::mCherry,3,18,11,,not visible,,Yes,Yes,Jupiter,,No,,NA,,Ana Milas,20201109,ZYLA,40X WI,120 sec,1,0.163,0.5,488,20,0.3,300,561,40,0.3,300,0,0,0.1,300
171,20201104_3 positions DIC7_Oocyte2,w; UASp>Bazooka::mGFP/mata4-GAL4; Jupiter::mCherry/Jupiter::mCherry,3,18,9,,not visible,,No,Yes,Jupiter,,No,,NA,,Ana Milas,20201109,ZYLA,40X WI,120 sec,1,0.163,0.5,488,20,0.3,300,561,40,0.3,300,0,0,0.1,300
172,20201104_3 positions DIC7_Oocyte3,w; UASp>Bazooka::mGFP/mata4-GAL4; Jupiter::mCherry/Jupiter::mCherry,3,18,9,,OK,,No,No,Jupiter,,No,,NA,,Ana Milas,20201109,ZYLA,40X WI,120 sec,1,0.163,0.5,488,20,0.3,300,561,40,0.3,300,0,0,0.1,300
173,20201104_3 positions DIC9_Oocyte1,w; UASp>Bazooka::mGFP/mata4-GAL4; Jupiter::mCherry/Jupiter::mCherry,4,18,10A,,OK,,No,Yes,Jupiter,,Yes,,NA,,Ana Milas,20201109,ZYLA,40X WI,120 sec,1,0.163,0.5,488,20,0.3,300,561,40,0.3,300,0,0,0.1,300
174,20201104_3 positions DIC9_Oocyte2,w; UASp>Bazooka::mGFP/mata4-GAL4; Jupiter::mCherry/Jupiter::mCherry,4,18,8,,OK,,No,No,Jupiter,,No,,NA,,Ana Milas,20201109,ZYLA,40X WI,120 sec,1,0.163,0.5,488,20,0.3,300,561,40,0.3,300,0,0,0.1,300
175,20201104_3 positions DIC9_Oocyte3,w; UASp>Bazooka::mGFP/mata4-GAL4; Jupiter::mCherry/Jupiter::mCherry,4,18,9,,not visible,,No,Yes,Jupiter,,No,,NA,,Ana Milas,20201109,ZYLA,40X WI,120 sec,1,0.163,0.5,488,20,0.3,300,561,40,0.3,300,0,0,0.1,300
176,20201109_3 positions DIC11_Oocyte1,w; UASp>Bazooka::mGFP/mata4-GAL4; Jupiter::mCherry/Jupiter::mCherry,3,18,9,,OK,,No,No,Jupiter,,No,,NA,,Ana Milas,20201109,ZYLA,40X WI,120 sec,1,0.163,0.5,488,20,0.3,300,561,40,0.3,300,0,0,0.1,300
177,20201109_3 positions DIC11_Oocyte2,w; UASp>Bazooka::mGFP/mata4-GAL4; Jupiter::mCherry/Jupiter::mCherry,3,18,9,,OK,,No,No,Jupiter,,No,,NA,,Ana Milas,20201109,ZYLA,40X WI,120 sec,1,0.163,0.5,488,20,0.3,300,561,40,0.3,300,0,0,0.1,300
178,20201109_3 positions DIC11_Oocyte3,w; UASp>Bazooka::mGFP/mata4-GAL4; Jupiter::mCherry/Jupiter::mCherry,3,18,8,,OK,,No,No,Jupiter,,No,,NA,,Ana Milas,20201109,ZYLA,40X WI,120 sec,1,0.163,0.5,488,20,0.3,300,561,40,0.3,300,0,0,0.1,300
179,20201109_3 positions DIC13_Oocyte1,w; UASp>Bazooka::mGFP/mata4-GAL4; Jupiter::mCherry/Jupiter::mCherry,4,18,9,,OK,,No,Yes,Jupiter,,Yes,,NA,,Ana Milas,20201109,ZYLA,40X WI,120 sec,1,0.163,0.5,488,20,0.3,300,561,40,0.3,300,0,0,0.1,300
180,20201109_3 positions DIC13_Oocyte2,w; UASp>Bazooka::mGFP/mata4-GAL4; Jupiter::mCherry/Jupiter::mCherry,4,18,9,,OK,,No,Yes,Jupiter,,No,,NA,,Ana Milas,20201109,ZYLA,40X WI,120 sec,1,0.163,0.5,488,20,0.3,300,561,40,0.3,300,0,0,0.1,300
181,20201109_3 positions DIC13_Oocyte3,w; UASp>Bazooka::mGFP/mata4-GAL4; Jupiter::mCherry/Jupiter::mCherry,4,18,8,,OK,,No,No,Jupiter,,No,,NA,,Ana Milas,20201109,ZYLA,40X WI,120 sec,1,0.163,0.5,488,20,0.3,300,561,40,0.3,300,0,0,0.1,300
182,20201109_3 positions DIC15_Oocyte1,w; UASp>Bazooka::mGFP/mata4-GAL4; Jupiter::mCherry/Jupiter::mCherry,4,18,8,,OK,,No,No,Jupiter,,No,,NA,,Ana Milas,20201109,ZYLA,40X WI,120 sec,1,0.163,0.5,488,20,0.3,300,561,40,0.3,300,0,0,0.1,300
183,20201109_3 positions DIC15_Oocyte2,w; UASp>Bazooka::mGFP/mata4-GAL4; Jupiter::mCherry/Jupiter::mCherry,4,18,8,,OK,,No,No,Jupiter,,No,,NA,,Ana Milas,20201109,ZYLA,40X WI,120 sec,1,0.163,0.5,488,20,0.3,300,561,40,0.3,300,0,0,0.1,300
184,20201109_3 positions DIC15_Oocyte3,w; UASp>Bazooka::mGFP/mata4-GAL4; Jupiter::mCherry/Jupiter::mCherry,4,18,10A,,not visible,,No,Not clear,Jupiter,,Not clear,,NA,,Ana Milas,20201109,ZYLA,40X WI,120 sec,1,0.163,0.5,488,20,0.3,300,561,40,0.3,300,0,0,0.1,300
185,20201109_3 positions DIC16_Oocyte1,w; UASp>Bazooka::mGFP/mata4-GAL4; Jupiter::mCherry/Jupiter::mCherry,5,18,9,,OK,,No,Yes,Jupiter,,Yes,,NA,,Ana Milas,20201109,ZYLA,40X WI,120 sec,1,0.163,0.5,488,20,0.3,300,561,40,0.3,300,0,0,0.1,300
186,20201109_3 positions DIC16_Oocyte2,w; UASp>Bazooka::mGFP/mata4-GAL4; Jupiter::mCherry/Jupiter::mCherry,5,18,10A,,OK,,Not clear,Yes,Jupiter,,Yes,,NA,,Ana Milas,20201109,ZYLA,40X WI,120 sec,1,0.163,0.5,488,20,0.3,300,561,40,0.3,300,0,0,0.1,300
187,20201109_3 positions DIC16_Oocyte3,w; UASp>Bazooka::mGFP/mata4-GAL4; Jupiter::mCherry/Jupiter::mCherry,5,18,9,,OK,,No,No,Jupiter,,No,,NA,,Ana Milas,20201109,ZYLA,40X WI,120 sec,1,0.163,0.5,488,20,0.3,300,561,40,0.3,300,0,0,0.1,300
188,20201109_3 positions DIC17_Oocyte1,w; UASp>Bazooka::mGFP/mata4-GAL4; Jupiter::mCherry/Jupiter::mCherry,5,18,10A,,OK,,No,Yes,Jupiter,,Yes,,NA,,Ana Milas,20201109,ZYLA,40X WI,120 sec,1,0.163,0.5,488,20,0.3,300,561,40,0.3,300,0,0,0.1,300
189,20201109_3 positions DIC17_Oocyte2,w; UASp>Bazooka::mGFP/mata4-GAL4; Jupiter::mCherry/Jupiter::mCherry,5,18,9,,OK,,No,No,Jupiter,,No,,NA,,Ana Milas,20201109,ZYLA,40X WI,120 sec,1,0.163,0.5,488,20,0.3,300,561,40,0.3,300,0,0,0.1,300
190,20201109_3 positions DIC17_Oocyte3,w; UASp>Bazooka::mGFP/mata4-GAL4; Jupiter::mCherry/Jupiter::mCherry,5,18,8,,OK,,No,No,Jupiter,,No,,NA,,Ana Milas,20201109,ZYLA,40X WI,120 sec,1,0.163,0.5,488,20,0.3,300,561,40,0.3,300,0,0,0.1,300
191,20201109_3 positions DIC18_Oocyte1,w; UASp>Bazooka::mGFP/mata4-GAL4; Jupiter::mCherry/Jupiter::mCherry,6,18,8,,OK,,No,No,Jupiter,,No,,NA,,Ana Milas,20201109,ZYLA,40X WI,120 sec,1,0.163,0.5,488,20,0.3,300,561,40,0.3,300,0,0,0.1,300
192,20201109_3 positions DIC18_Oocyte2,w; UASp>Bazooka::mGFP/mata4-GAL4; Jupiter::mCherry/Jupiter::mCherry,6,18,9,,OK,,No,Yes,Jupiter,,Yes,,NA,,Ana Milas,20201109,ZYLA,40X WI,120 sec,1,0.163,0.5,488,20,0.3,300,561,40,0.3,300,0,0,0.1,300
193,20201109_3 positions DIC18_Oocyte3,w; UASp>Bazooka::mGFP/mata4-GAL4; Jupiter::mCherry/Jupiter::mCherry,6,18,10A,,OK,,No,Yes,Jupiter,,Yes,,NA,,Ana Milas,20201109,ZYLA,40X WI,120 sec,1,0.163,0.5,488,20,0.3,300,561,40,0.3,300,0,0,0.1,300
194,20201109_3 positions DIC5_Oocyte1,w; UASp>Bazooka::mGFP/mata4-GAL4; Jupiter::mCherry/Jupiter::mCherry,1,18,9,,OK,,No,No,Jupiter,,No,,NA,,Ana Milas,20201109,ZYLA,40X WI,120 sec,1,0.163,0.5,488,20,0.3,300,561,40,0.3,300,0,0,0.1,300
195,20201109_3 positions DIC5_Oocyte2,w; UASp>Bazooka::mGFP/mata4-GAL4; Jupiter::mCherry/Jupiter::mCherry,1,18,9,,OK,,No,Yes,Jupiter,,Yes,,NA,,Ana Milas,20201109,ZYLA,40X WI,120 sec,1,0.163,0.5,488,20,0.3,300,561,40,0.3,300,0,0,0.1,300
196,20201109_3 positions DIC5_Oocyte3,w; UASp>Bazooka::mGFP/mata4-GAL4; Jupiter::mCherry/Jupiter::mCherry,1,18,9,,OK,,No,Yes,Jupiter,,Yes,,NA,,Ana Milas,20201109,ZYLA,40X WI,120 sec,1,0.163,0.5,488,20,0.3,300,561,40,0.3,300,0,0,0.1,300
197,20201109_3 positions DIC7_Oocyte1,w; UASp>Bazooka::mGFP/mata4-GAL4; Jupiter::mCherry/Jupiter::mCherry,1,18,8,,OK,,No,No,Jupiter,,No,,NA,,Ana Milas,20201109,ZYLA,40X WI,120 sec,1,0.163,0.5,488,20,0.3,300,561,40,0.3,300,0,0,0.1,300
198,20201109_3 positions DIC7_Oocyte2,w; UASp>Bazooka::mGFP/mata4-GAL4; Jupiter::mCherry/Jupiter::mCherry,1,18,9,,OK,,No,Yes,Jupiter,,Yes,,NA,,Ana Milas,20201109,ZYLA,40X WI,120 sec,1,0.163,0.5,488,20,0.3,300,561,40,0.3,300,0,0,0.1,300
199,20201109_3 positions DIC9_Oocyte1,w; UASp>Bazooka::mGFP/mata4-GAL4; Jupiter::mCherry/Jupiter::mCherry,2,18,9,,OK,,No,Yes,Jupiter,,Yes,,NA,,Ana Milas,20201109,ZYLA,40X WI,120 sec,1,0.163,0.5,488,20,0.3,300,561,40,0.3,300,0,0,0.1,300
200,20201109_3 positions DIC9_Oocyte2,w; UASp>Bazooka::mGFP/mata4-GAL4; Jupiter::mCherry/Jupiter::mCherry,2,18,8,,OK,,No,No,Jupiter,,Not clear,,NA,,Ana Milas,20201109,ZYLA,40X WI,120 sec,1,0.163,0.5,488,20,0.3,300,561,40,0.3,300,0,0,0.1,300
201,20201109_3 positions DIC9_Oocyte3,w; UASp>Bazooka::mGFP/mata4-GAL4; Jupiter::mCherry/Jupiter::mCherry,2,18,8,,OK,,No,No,Jupiter,,No,,NA,,Ana Milas,20201109,ZYLA,40X WI,120 sec,1,0.163,0.5,488,20,0.3,300,561,40,0.3,300,0,0,0.1,300
202,20201107_3 positions DIC21_Oocyte1,w; UASp>GFP::PAR1(N1S)/mata4-GAL4; Jupiter::mCherry/Jupiter::mCherry,1,18,10B,,OK,,Yes,Yes,Jupiter,,NA,,No,,Ana Milas,20201109,ZYLA,40X WI,120 sec,1,0.163,0.5,488,20,0.3,300,561,40,0.3,300,0,0,0.1,300
203,20201107_3 positions DIC21_Oocyte2,w; UASp>GFP::PAR1(N1S)/mata4-GAL4; Jupiter::mCherry/Jupiter::mCherry,1,18,10B,,OK,,Yes,Yes,Jupiter,,NA,,Yes,,Ana Milas,20201109,ZYLA,40X WI,120 sec,1,0.163,0.5,488,20,0.3,300,561,40,0.3,300,0,0,0.1,300
204,20201107_3 positions DIC21_Oocyte3,w; UASp>GFP::PAR1(N1S)/mata4-GAL4; Jupiter::mCherry/Jupiter::mCherry,1,18,9,,OK,,No,Yes,Jupiter,,NA,,Yes,,Ana Milas,20201109,ZYLA,40X WI,120 sec,1,0.163,0.5,488,20,0.3,300,561,40,0.3,300,0,0,0.1,300
205,20201107_3 positions DIC23_Oocyte1,w; UASp>GFP::PAR1(N1S)/mata4-GAL4; Jupiter::mCherry/Jupiter::mCherry,1,18,10A,,OK,,No,Yes,Jupiter,,NA,,Yes,,Ana Milas,20201109,ZYLA,40X WI,120 sec,1,0.163,0.5,488,20,0.3,300,561,40,0.3,300,0,0,0.1,300
206,20201107_3 positions DIC23_Oocyte2,w; UASp>GFP::PAR1(N1S)/mata4-GAL4; Jupiter::mCherry/Jupiter::mCherry,1,18,9,,OK,,No,No,Jupiter,,NA,,Yes,,Ana Milas,20201109,ZYLA,40X WI,120 sec,1,0.163,0.5,488,20,0.3,300,561,40,0.3,300,0,0,0.1,300
207,20201107_3 positions DIC23_Oocyte3,w; UASp>GFP::PAR1(N1S)/mata4-GAL4; Jupiter::mCherry/Jupiter::mCherry,1,18,8,,OK,,No,No,Jupiter,,NA,,Yes,,Ana Milas,20201109,ZYLA,40X WI,120 sec,1,0.163,0.5,488,20,0.3,300,561,40,0.3,300,0,0,0.1,300
208,20201107_3 positions DIC25_Oocyte1,w; UASp>GFP::PAR1(N1S)/mata4-GAL4; Jupiter::mCherry/Jupiter::mCherry,2,18,10B,,OK,,No,Yes,Jupiter,,NA,,Yes,,Ana Milas,20201109,ZYLA,40X WI,120 sec,1,0.163,0.5,488,20,0.3,300,561,40,0.3,300,0,0,0.1,300
209,20201107_3 positions DIC25_Oocyte2,w; UASp>GFP::PAR1(N1S)/mata4-GAL4; Jupiter::mCherry/Jupiter::mCherry,2,18,9,,OK,,No,Yes,Jupiter,,NA,,Yes,,Ana Milas,20201109,ZYLA,40X WI,120 sec,1,0.163,0.5,488,20,0.3,300,561,40,0.3,300,0,0,0.1,300
210,20201107_3 positions DIC25_Oocyte3,w; UASp>GFP::PAR1(N1S)/mata4-GAL4; Jupiter::mCherry/Jupiter::mCherry,2,18,10A,,OK,,No,Yes,Jupiter,,NA,,Yes,,Ana Milas,20201109,ZYLA,40X WI,120 sec,1,0.163,0.5,488,20,0.3,300,561,40,0.3,300,0,0,0.1,300
211,20201107_3 positions DIC27_Oocyte1,w; UASp>GFP::PAR1(N1S)/mata4-GAL4; Jupiter::mCherry/Jupiter::mCherry,2,18,9,,OK,,No,No,Jupiter,,NA,,Yes,,Ana Milas,20201109,ZYLA,40X WI,120 sec,1,0.163,0.5,488,20,0.3,300,561,40,0.3,300,0,0,0.1,300
212,20201107_3 positions DIC27_Oocyte2,w; UASp>GFP::PAR1(N1S)/mata4-GAL4; Jupiter::mCherry/Jupiter::mCherry,2,18,8,,OK,,No,No,Jupiter,,NA,,Yes,,Ana Milas,20201109,ZYLA,40X WI,120 sec,1,0.163,0.5,488,20,0.3,300,561,40,0.3,300,0,0,0.1,300
213,20201107_3 positions DIC27_Oocyte3,w; UASp>GFP::PAR1(N1S)/mata4-GAL4; Jupiter::mCherry/Jupiter::mCherry,2,18,9,,OK,,No,No,Jupiter,,NA,,Yes,,Ana Milas,20201109,ZYLA,40X WI,120 sec,1,0.163,0.5,488,20,0.3,300,561,40,0.3,300,0,0,0.1,300
214,20201107_3 positions DIC29_Oocyte1,w; UASp>GFP::PAR1(N1S)/mata4-GAL4; Jupiter::mCherry/Jupiter::mCherry,2,18,9,,OK,,No,No,Jupiter,,NA,,Yes,,Ana Milas,20201109,ZYLA,40X WI,120 sec,1,0.163,0.5,488,20,0.3,300,561,40,0.3,300,0,0,0.1,300
215,20201107_3 positions DIC29_Oocyte2,w; UASp>GFP::PAR1(N1S)/mata4-GAL4; Jupiter::mCherry/Jupiter::mCherry,2,18,9,,OK,,No,No,Jupiter,,NA,,Yes,,Ana Milas,20201109,ZYLA,40X WI,120 sec,1,0.163,0.5,488,20,0.3,300,561,40,0.3,300,0,0,0.1,300
216,20201107_3 positions DIC29_Oocyte3,w; UASp>GFP::PAR1(N1S)/mata4-GAL4; Jupiter::mCherry/Jupiter::mCherry,2,18,8,,OK,,No,No,Jupiter,,NA,,Yes,,Ana Milas,20201109,ZYLA,40X WI,120 sec,1,0.163,0.5,488,20,0.3,300,561,40,0.3,300,0,0,0.1,300
217,20201107_3 positions DIC31_Oocyte1,w; UASp>GFP::PAR1(N1S)/mata4-GAL4; Jupiter::mCherry/Jupiter::mCherry,3,18,11,,OK,,Yes,Yes,Jupiter,,NA,,No,,Ana Milas,20201109,ZYLA,40X WI,120 sec,1,0.163,0.5,488,20,0.3,300,561,40,0.3,300,0,0,0.1,300
218,20201107_3 positions DIC31_Oocyte2,w; UASp>GFP::PAR1(N1S)/mata4-GAL4; Jupiter::mCherry/Jupiter::mCherry,3,18,10B,,OK,,No,Yes,Jupiter,,NA,,Yes,,Ana Milas,20201109,ZYLA,40X WI,120 sec,1,0.163,0.5,488,20,0.3,300,561,40,0.3,300,0,0,0.1,300
219,20201107_3 positions DIC31_Oocyte3,w; UASp>GFP::PAR1(N1S)/mata4-GAL4; Jupiter::mCherry/Jupiter::mCherry,3,18,9,,OK,,No,No,Jupiter,,NA,,Yes,,Ana Milas,20201109,ZYLA,40X WI,120 sec,1,0.163,0.5,488,20,0.3,300,561,40,0.3,300,0,0,0.1,300
220,20201107_3 positions DIC33_Oocyte1,w; UASp>GFP::PAR1(N1S)/mata4-GAL4; Jupiter::mCherry/Jupiter::mCherry,3,18,10B,,OK,,No,Yes,Jupiter,,NA,,Yes,,Ana Milas,20201109,ZYLA,40X WI,120 sec,1,0.163,0.5,488,20,0.3,300,561,40,0.3,300,0,0,0.1,300
221,20201107_3 positions DIC33_Oocyte2,w; UASp>GFP::PAR1(N1S)/mata4-GAL4; Jupiter::mCherry/Jupiter::mCherry,3,18,10B,,OK,,Yes,Yes,Jupiter,,NA,,Yes,,Ana Milas,20201109,ZYLA,40X WI,120 sec,1,0.163,0.5,488,20,0.3,300,561,40,0.3,300,0,0,0.1,300
222,20201107_3 positions DIC33_Oocyte3,w; UASp>GFP::PAR1(N1S)/mata4-GAL4; Jupiter::mCherry/Jupiter::mCherry,3,18,10B,,OK,,Yes,Yes,Jupiter,,NA,,Yes,,Ana Milas,20201109,ZYLA,40X WI,120 sec,1,0.163,0.5,488,20,0.3,300,561,40,0.3,300,0,0,0.1,300
223,20201107_3 positions DIC35_Oocyte1,w; UASp>GFP::PAR1(N1S)/mata4-GAL4; Jupiter::mCherry/Jupiter::mCherry,4,18,9,,OK,,No,Not clear,Jupiter,,NA,,Yes,,Ana Milas,20201109,ZYLA,40X WI,120 sec,1,0.163,0.5,488,20,0.3,300,561,40,0.3,300,0,0,0.1,300
224,20201107_3 positions DIC35_Oocyte2,w; UASp>GFP::PAR1(N1S)/mata4-GAL4; Jupiter::mCherry/Jupiter::mCherry,4,18,10B,,OK,,No,Yes,Jupiter,,NA,,Yes,,Ana Milas,20201109,ZYLA,40X WI,120 sec,1,0.163,0.5,488,20,0.3,300,561,40,0.3,300,0,0,0.1,300
225,20201107_3 positions DIC35_Oocyte3,w; UASp>GFP::PAR1(N1S)/mata4-GAL4; Jupiter::mCherry/Jupiter::mCherry,4,18,8,,OK,,No,No,Jupiter,,NA,,Yes,,Ana Milas,20201109,ZYLA,40X WI,120 sec,1,0.163,0.5,488,20,0.3,300,561,40,0.3,300,0,0,0.1,300
226,20201107_3 positions DIC37_Oocyte1,w; UASp>GFP::PAR1(N1S)/mata4-GAL4; Jupiter::mCherry/Jupiter::mCherry,5,18,10B,,OK,,Yes,Yes,Jupiter,,NA,,Yes,,Ana Milas,20201109,ZYLA,40X WI,120 sec,1,0.163,0.5,488,20,0.3,300,561,40,0.3,300,0,0,0.1,300
227,20201107_3 positions DIC37_Oocyte2,w; UASp>GFP::PAR1(N1S)/mata4-GAL4; Jupiter::mCherry/Jupiter::mCherry,5,18,10B,,OK,,No,Yes,Jupiter,,NA,,Yes,,Ana Milas,20201109,ZYLA,40X WI,120 sec,1,0.163,0.5,488,20,0.3,300,561,40,0.3,300,0,0,0.1,300
228,20201107_3 positions DIC37_Oocyte3,w; UASp>GFP::PAR1(N1S)/mata4-GAL4; Jupiter::mCherry/Jupiter::mCherry,5,18,10A,,OK,,No,Yes,Jupiter,,NA,,Yes,,Ana Milas,20201109,ZYLA,40X WI,120 sec,1,0.163,0.5,488,20,0.3,300,561,40,0.3,300,0,0,0.1,300
229,20201107_3 positions DIC39_Oocyte1,w; UASp>GFP::PAR1(N1S)/mata4-GAL4; Jupiter::mCherry/Jupiter::mCherry,5,18,10A,,OK,,No,Yes,Jupiter,,NA,,Yes,,Ana Milas,20201109,ZYLA,40X WI,120 sec,1,0.163,0.5,488,20,0.3,300,561,40,0.3,300,0,0,0.1,300
230,20201107_3 positions DIC39_Oocyte2,w; UASp>GFP::PAR1(N1S)/mata4-GAL4; Jupiter::mCherry/Jupiter::mCherry,5,18,8,,OK,,No,No,Jupiter,,NA,,Yes,,Ana Milas,20201109,ZYLA,40X WI,120 sec,1,0.163,0.5,488,20,0.3,300,561,40,0.3,300,0,0,0.1,300
231,20201107_3 positions DIC39_Oocyte3,w; UASp>GFP::PAR1(N1S)/mata4-GAL4; Jupiter::mCherry/Jupiter::mCherry,5,18,9,,OK,,No,No,Jupiter,,NA,,Yes,,Ana Milas,20201109,ZYLA,40X WI,120 sec,1,0.163,0.5,488,20,0.3,300,561,40,0.3,300,0,0,0.1,300
